<?xml version="1.0" encoding="UTF-8"?>
<!DOCTYPE beans PUBLIC "-//SPRING//DTD BEAN//EN" "http://www.springframework.org/dtd/spring-beans.dtd">

<beans>

	<!-- Bookmark API controller -->
	<bean id="bookmarkAPI" class="org.grails.bookmarks.api.BookmarkXmlController">
		<property name="deliciousService" ref="deliciousService" />
		<property name="bookmarkService" ref="bookmarkService" />		
	</bean>
	
	<bean id="bookmarkSoapService" class="org.codehaus.xfire.spring.remoting.XFireExporter">
	    <property name="serviceFactory">
	        <ref bean="xfire.serviceFactory"/>
	    </property>
	    <property name="xfire">
	        <ref bean="xfire"/>
	    </property>
	    <property name="serviceBean">
	        <ref bean="bookmarkService"/>
	    </property>
	    <property name="serviceClass">
	        <value>org.grails.bookmarks.IBookmarkService</value>
	    </property>
	</bean>  
	
	<bean id="urlMappings" class="org.springframework.beans.factory.config.PropertiesFactoryBean">
		<property name="properties">     
			<value>
				/bookmark/api/**=bookmarkAPI
				/services/BookmarkService=bookmarkSoapService
			</value>
		</property>
	</bean>
	
	<!-- Acegi Config -->
	
   <bean id="authenticationManager" class="org.acegisecurity.providers.ProviderManager">
     <property name="providers">
       <list>
         <ref bean="daoAuthenticationProvider"/>
         <bean
             class="org.acegisecurity.providers.anonymous.AnonymousAuthenticationProvider">
             <property name="key"><value>anonymous</value></property>
         </bean>         
       </list>
     </property>
  </bean>
  
  <bean id="loggerListener"
    class="org.acegisecurity.event.authentication.LoggerListener" />
  
  <bean id="daoAuthenticationProvider" class="org.acegisecurity.providers.dao.DaoAuthenticationProvider">
      <property name="userDetailsService"><ref bean="userDetailsService"/></property>
  </bean>
	
  <bean id="userDetailsService"
    class="org.acegisecurity.userdetails.jdbc.JdbcDaoImpl">
    <property name="dataSource" ref="dataSource" />
    <property name="usersByUsernameQuery">
      <value>SELECT login,u_pwd,1 FROM user_table WHERE login = ?</value>
    </property>
    <property name="authoritiesByUsernameQuery">
      <value>SELECT login, role FROM user_table WHERE login = ?</value>
    </property>    
  </bean>     

  <bean id="accessDecisionManager" class="org.acegisecurity.vote.UnanimousBased">
      <property name="allowIfAllAbstainDecisions">
         <value>false</value>
      </property>
      <property name="decisionVoters">
         <list>
           <bean class="org.acegisecurity.vote.RoleVoter" />
           <bean class="org.acegisecurity.vote.AuthenticatedVoter" />
         </list>
      </property>
  </bean>
       
  <!-- Acegi Filters start here -->      
 <bean id="anonymousProcessingFilter"
    class="org.acegisecurity.providers.anonymous.AnonymousProcessingFilter">
    <property name="key" value="anonymous" />
    <property name="userAttribute"
      value="anonymousUser,ROLE_ANONYMOUS" />
  </bean>


	<bean id="authenticationProcessingFilter"
		class="org.acegisecurity.ui.webapp.AuthenticationProcessingFilter">
		<property name="authenticationManager"
			ref="authenticationManager" />
		<property name="authenticationFailureUrl"
			value="/user/login?login_error=1" />
		<property name="defaultTargetUrl" value="/bookmark/list" />
		<property name="filterProcessesUrl"
			value="/j_acegi_security_check" />
	</bean>  
  	
  <bean id="exceptionTranslationFilter"
    class="org.acegisecurity.ui.ExceptionTranslationFilter">
    <property name="authenticationEntryPoint">
      <bean
        class="org.acegisecurity.ui.webapp.AuthenticationProcessingFilterEntryPoint">
        <property name="loginFormUrl" value="/user/login" />
        <property name="forceHttps" value="false" />
      </bean>
    </property>
    <property name="accessDeniedHandler">
      <bean
        class="org.acegisecurity.ui.AccessDeniedHandlerImpl">
        <property name="errorPage" value="/user/accessDenied" />
      </bean>
    </property>
  </bean> 
                  
  <bean id="securityContextHolderAwareRequestFilter"
    class="org.acegisecurity.wrapper.SecurityContextHolderAwareRequestFilter" />

   <bean id="httpSessionIntegrationFilter"
          class="org.acegisecurity.context.HttpSessionContextIntegrationFilter">
          <property name="context">
              <value>org.acegisecurity.context.SecurityContextImpl</value>
          </property>
   </bean>	

  <bean id="logoutFilter"
    class="org.acegisecurity.ui.logout.LogoutFilter">
    <constructor-arg value="/user/logout" />
    <constructor-arg>
      <list>
        <bean
          class="org.acegisecurity.ui.logout.SecurityContextLogoutHandler" />
      </list>
    </constructor-arg>
  </bean>

            
    <!-- Acegi Interceptor -->
    <bean id="filterInvocationInterceptor" class="org.acegisecurity.intercept.web.FilterSecurityInterceptor">
       <property name="authenticationManager">
          <ref bean="authenticationManager"/>
       </property>
       <property name="accessDecisionManager">
           <ref bean="accessDecisionManager"/>
       </property>
       <property name="objectDefinitionSource">
           <value>
              CONVERT_URL_TO_LOWERCASE_BEFORE_COMPARISON
              PATTERN_TYPE_APACHE_ANT
              /bookmark/**=ROLE_GENERAL_USER
              /bookmark/webservice/**=IS_AUTHENTICATED_ANONYMOUSLY
              /tag/**=ROLE_GENERAL_USER
              /subscription/**=ROLE_GENERAL_USER
              /admin/**=ROLE_ADMIN
              /premium/**=ROLE_SUBSCRIBER
              /api/**=ROLE_GENERAL_USER                            
              /user/**=IS_AUTHENTICATED_ANONYMOUSLY            
			  /services/**=IS_AUTHENTICATED_ANONYMOUSLY                          
           </value>
       </property>
   </bean>
         
      <!-- Execution order for the various Acegi filters -->
      <bean id="filterChainProxy"
            class="org.acegisecurity.util.FilterChainProxy">
            <property name="filterInvocationDefinitionSource">
                  <value>
                        CONVERT_URL_TO_LOWERCASE_BEFORE_COMPARISON
                        PATTERN_TYPE_APACHE_ANT
                        /**=httpSessionIntegrationFilter,logoutFilter,authenticationProcessingFilter,securityContextHolderAwareRequestFilter,anonymousProcessingFilter,exceptionTranslationFilter,filterInvocationInterceptor
                  </value>
            </property>
      </bean>  
      

      
		
</beans>