<?xml version="1.0" encoding="UTF-8"?>
<!DOCTYPE hibernate-configuration PUBLIC
		"-//Hibernate/Hibernate Configuration DTD 3.0//EN"
		"http://hibernate.sourceforge.net/hibernate-configuration-3.0.dtd">
<hibernate-configuration>
    <session-factory>      
		<mapping package="org.grails.bookmarks"/>		
		<mapping class="org.grails.bookmarks.Bookmark" />
		<mapping class="org.grails.bookmarks.User" />		
		<mapping class="org.grails.bookmarks.Tag" />
		<mapping class="org.grails.bookmarks.TagReference" />		
		<mapping class="org.grails.bookmarks.Subscription" />
		
    </session-factory>
</hibernate-configuration>
